{
    "Gryffindor": {
        "Astronomy": {
            "mean": 31.717694937330908,
            "std": 519.0373973935123,
            "w": 0.14019338502269527,
            "b": -2.6775122177017674
        },
        "Herbology": {
            "mean": 1.1416362236454585,
            "std": 5.230077735849489,
            "w": -0.9367757452432679,
            "b": -2.6775122177017674
        },
        "Defense Against the Dark Arts": {
            "mean": -0.317022568224263,
            "std": 5.200681807645418,
            "w": -0.12906960877810625,
            "b": -2.6775122177017674
        },
        "Divination": {
            "mean": 3.15558025682183,
            "std": 4.157405501704382,
            "w": 0.4688553018196027,
            "b": -2.6775122177017674
        },
        "Muggle Studies": {
            "mean": -225.550634111452,
            "std": 490.3140607766707,
            "w": -0.07665131616013826,
            "b": -2.6775122177017674
        },
        "Ancient Runes": {
            "mean": 496.88155803271894,
            "std": 105.90189823834159,
            "w": 0.8406989128210819,
            "b": -2.6775122177017674
        },
        "History of Magic": {
            "mean": 2.9803017790382,
            "std": 4.449371259629286,
            "w": -0.8069349512007054,
            "b": -2.6775122177017674
        },
        "Transfiguration": {
            "mean": 1030.0266117191366,
            "std": 44.27708662787276,
            "w": -0.9736387493572419,
            "b": -2.6775122177017674
        },
        "Potions": {
            "mean": 6.001931013399782,
            "std": 3.1498173498748643,
            "w": -0.0491814958525112,
            "b": -2.6775122177017674
        },
        "Charms": {
            "mean": -243.29137193749997,
            "std": 8.813149615427733,
            "w": -0.2991021183826228,
            "b": -2.6775122177017674
        },
        "Flying": {
            "mean": 22.210171875,
            "std": 97.73738424840437,
            "w": 0.9586381794727693,
            "b": -2.6775122177017674
        }
    },
    "Ravenclaw": {
        "Astronomy": {
            "mean": 31.717694937330908,
            "std": 519.0373973935123,
            "w": -0.7160643201538911,
            "b": -2.2049582349415218
        },
        "Herbology": {
            "mean": 1.1416362236454585,
            "std": 5.230077735849489,
            "w": 0.5886016131754989,
            "b": -2.2049582349415218
        },
        "Defense Against the Dark Arts": {
            "mean": -0.317022568224263,
            "std": 5.200681807645418,
            "w": 0.686688407118921,
            "b": -2.2049582349415218
        },
        "Divination": {
            "mean": 3.15558025682183,
            "std": 4.157405501704382,
            "w": 0.3396192490873498,
            "b": -2.2049582349415218
        },
        "Muggle Studies": {
            "mean": -225.550634111452,
            "std": 490.3140607766707,
            "w": 1.1299181724172902,
            "b": -2.2049582349415218
        },
        "Ancient Runes": {
            "mean": 496.88155803271894,
            "std": 105.90189823834159,
            "w": 1.0262084407813665,
            "b": -2.2049582349415218
        },
        "History of Magic": {
            "mean": 2.9803017790382,
            "std": 4.449371259629286,
            "w": 0.07919343208891898,
            "b": -2.2049582349415218
        },
        "Transfiguration": {
            "mean": 1030.0266117191366,
            "std": 44.27708662787276,
            "w": -0.037690909699785426,
            "b": -2.2049582349415218
        },
        "Potions": {
            "mean": 6.001931013399782,
            "std": 3.1498173498748643,
            "w": -0.08119686489208444,
            "b": -2.2049582349415218
        },
        "Charms": {
            "mean": -243.29137193749997,
            "std": 8.813149615427733,
            "w": 1.001191130850241,
            "b": -2.2049582349415218
        },
        "Flying": {
            "mean": 22.210171875,
            "std": 97.73738424840437,
            "w": 0.06325281752486553,
            "b": -2.2049582349415218
        }
    },
    "Hufflepuff": {
        "Astronomy": {
            "mean": 31.717694937330908,
            "std": 519.0373973935123,
            "w": 1.334728356205269,
            "b": -1.8958105686131599
        },
        "Herbology": {
            "mean": 1.1416362236454585,
            "std": 5.230077735849489,
            "w": 1.2142808359314867,
            "b": -1.8958105686131599
        },
        "Defense Against the Dark Arts": {
            "mean": -0.317022568224263,
            "std": 5.200681807645418,
            "w": -1.3396283755981528,
            "b": -1.8958105686131599
        },
        "Divination": {
            "mean": 3.15558025682183,
            "std": 4.157405501704382,
            "w": 0.6127021726117077,
            "b": -1.8958105686131599
        },
        "Muggle Studies": {
            "mean": -225.550634111452,
            "std": 490.3140607766707,
            "w": -0.8256682879309054,
            "b": -1.8958105686131599
        },
        "Ancient Runes": {
            "mean": 496.88155803271894,
            "std": 105.90189823834159,
            "w": -1.4021344254860826,
            "b": -1.8958105686131599
        },
        "History of Magic": {
            "mean": 2.9803017790382,
            "std": 4.449371259629286,
            "w": 0.7903477225568496,
            "b": -1.8958105686131599
        },
        "Transfiguration": {
            "mean": 1030.0266117191366,
            "std": 44.27708662787276,
            "w": 0.7363057502059649,
            "b": -1.8958105686131599
        },
        "Potions": {
            "mean": 6.001931013399782,
            "std": 3.1498173498748643,
            "w": -0.4180231134856955,
            "b": -1.8958105686131599
        },
        "Charms": {
            "mean": -243.29137193749997,
            "std": 8.813149615427733,
            "w": -0.12384236198315102,
            "b": -1.8958105686131599
        },
        "Flying": {
            "mean": 22.210171875,
            "std": 97.73738424840437,
            "w": -0.6390065928913614,
            "b": -1.8958105686131599
        }
    },
    "Slytherin": {
        "Astronomy": {
            "mean": 31.717694937330908,
            "std": 519.0373973935123,
            "w": -0.6932358057325569,
            "b": -2.8600414084917696
        },
        "Herbology": {
            "mean": 1.1416362236454585,
            "std": 5.230077735849489,
            "w": -0.7756654794294067,
            "b": -2.8600414084917696
        },
        "Defense Against the Dark Arts": {
            "mean": -0.317022568224263,
            "std": 5.200681807645418,
            "w": 0.7043200920611692,
            "b": -2.8600414084917696
        },
        "Divination": {
            "mean": 3.15558025682183,
            "std": 4.157405501704382,
            "w": -1.4802274377926776,
            "b": -2.8600414084917696
        },
        "Muggle Studies": {
            "mean": -225.550634111452,
            "std": 490.3140607766707,
            "w": -0.3316511560463633,
            "b": -2.8600414084917696
        },
        "Ancient Runes": {
            "mean": 496.88155803271894,
            "std": 105.90189823834159,
            "w": -0.5908052159233427,
            "b": -2.8600414084917696
        },
        "History of Magic": {
            "mean": 2.9803017790382,
            "std": 4.449371259629286,
            "w": -0.001000656278928599,
            "b": -2.8600414084917696
        },
        "Transfiguration": {
            "mean": 1030.0266117191366,
            "std": 44.27708662787276,
            "w": 0.34742348104836096,
            "b": -2.8600414084917696
        },
        "Potions": {
            "mean": 6.001931013399782,
            "std": 3.1498173498748643,