{
    "Gryffindor": {
        "Astronomy": {
            "mean": 48.91989910509838,
            "std": 518.7541212678854,
            "w": 0.20714268213344178
        },
        "Herbology": {
            "mean": 1.0670587254317143,
            "std": 5.252502766709577,
            "w": -0.9385532868050176
        },
        "Defense Against the Dark Arts": {
            "mean": -0.46604030200617286,
            "std": 5.204106968934492,
            "w": -0.1948649535117526
        },
        "Divination": {
            "mean": 3.1336413130504406,
            "std": 4.189644694495271,
            "w": 0.42261796407530505
        },
        "Muggle Studies": {
            "mean": -233.8029862936527,
            "std": 479.0609990049892,
            "w": -0.03556835649895631
        },
        "Ancient Runes": {
            "mean": 494.28204890955857,
            "std": 106.62799892373575,
            "w": 0.7862293603272433
        },
        "History of Magic": {
            "mean": 2.8882328330530784,
            "std": 4.470371614420085,
            "w": -0.7291586279756076
        },
        "Transfiguration": {
            "mean": 1029.6012409806433,
            "std": 44.44497463622101,
            "w": -0.9727652597605914
        },
        "Potions": {
            "mean": 5.941837492226958,
            "std": 3.173096393012015,
            "w": 0.022338975117945057
        },
        "Charms": {
            "mean": -243.55097940625,
            "std": 8.715658394020178,
            "w": -0.29723760458388665
        },
        "Flying": {
            "mean": 23.315375,
            "std": 98.67590189460962,
            "w": 0.9779692012208485
        },
        "b": -2.74418758607246
    },
    "Ravenclaw": {
        "Astronomy": {
            "mean": 48.91989910509838,
            "std": 518.7541212678854,
            "w": -0.7699170063526216
        },
        "Herbology": {
            "mean": 1.0670587254317143,
            "std": 5.252502766709577,
            "w": 0.5441181338089264
        },
        "Defense Against the Dark Arts": {
            "mean": -0.46604030200617286,
            "std": 5.204106968934492,
            "w": 0.6720523425930108
        },
        "Divination": {
            "mean": 3.1336413130504406,
            "std": 4.189644694495271,
            "w": 0.3294505984057589
        },
        "Muggle Studies": {
            "mean": -233.8029862936527,
            "std": 479.0609990049892,
            "w": 1.2948834465892656
        },
        "Ancient Runes": {
            "mean": 494.28204890955857,
            "std": 106.62799892373575,
            "w": 1.0908457290583207
        },
        "History of Magic": {
            "mean": 2.8882328330530784,
            "std": 4.470371614420085,
            "w": -0.038355209249510185
        },
        "Transfiguration": {
            "mean": 1029.6012409806433,
            "std": 44.44497463622101,
            "w": 0.1064604757546765
        },
        "Potions": {
            "mean": 5.941837492226958,
            "std": 3.173096393012015,
            "w": -0.1354500823520611
        },
        "Charms": {
            "mean": -243.55097940625,
            "std": 8.715658394020178,
            "w": 0.9999571132588083
        },
        "Flying": {
            "mean": 23.315375,
            "std": 98.67590189460962,
            "w": -0.06206568623829115
        },
        "b": -2.1926966412031157
    },
    "Hufflepuff": {
        "Astronomy": {
            "mean": 48.91989910509838,
            "std": 518.7541212678854,
            "w": 1.2712123119166023
        },
        "Herbology": {
            "mean": 1.0670587254317143,
            "std": 5.252502766709577,
            "w": 1.3224968870106661
        },
        "Defense Against the Dark Arts": {
            "mean": -0.46604030200617286,
            "std": 5.204106968934492,
            "w": -1.300674699685665
        },
        "Divination": {
            "mean": 3.1336413130504406,
            "std": 4.189644694495271,
            "w": 0.5779752379754878
        },
        "Muggle Studies": {
            "mean": -233.8029862936527,
            "std": 479.0609990049892,
            "w": -0.863747087485984
        },
        "Ancient Runes": {
            "mean": 494.28204890955857,
            "std": 106.62799892373575,
            "w": -1.3431769777957765
        },
        "History of Magic": {
            "mean": 2.8882328330530784,
            "std": 4.470371614420085,
            "w": 0.7586640228285255
        },
        "Transfiguration": {
            "mean": 1029.6012409806433,
            "std": 44.44497463622101,
            "w": 0.708614566795363
        },
        "Potions": {
            "mean": 5.941837492226958,
            "std": 3.173096393012015,
            "w": -0.43956909777012104
        },
        "Charms": {
            "mean": -243.55097940625,
            "std": 8.715658394020178,
            "w": -0.10533661321852991
        },
        "Flying": {
            "mean": 23.315375,
            "std": 98.67590189460962,
            "w": -0.6040670559136136
        },
        "b": -1.7186646919691637
    },
    "Slytherin": {
        "Astronomy": {
            "mean": 48.91989910509838,
            "std": 518.7541212678854,
            "w": -0.6716946868853353
        },
        "Herbology": {
            "mean": 1.0670587254317143,
            "std": 5.252502766709577,
            "w": -0.8246835793241366
        },
        "Defense Against the Dark Arts": {
            "mean": -0.46604030200617286,
            "std": 5.204106968934492,
            "w": 0.7741712562513134
        },
        "Divination": {
            "mean": 3.1336413130504406,
            "std": 4.189644694495271,
            "w": -1.4291674826658924
        },
        "Muggle Studies": {
            "mean": -233.8029862936527,
            "std": 479.0609990049892,
            "w": -0.4533300740217574
        },
        "Ancient Runes": {
            "mean": 494.28204890955857,
            "std": 106.62799892373575,
            "w": -0.6391042918761582
        },
        "History of Magic": {
            "mean": 2.8882328330530784,
            "std": 4.470371614420085,
            "w": 0.08463057446467621
        },
        "Transfiguration": {
            "mean": 1029.6012409806433,
            "std": 44.44497463622101,
            "w": 0.24688206775828272
        },
        "Potions": {
            "mean": 5.941837492226958,
            "std": 3.173096393012015,
            "w": 0.5580934072848834
        },
        "Charms": {
            "mean": -243.55097940625,
            "std": 8.715658394020178,
            "w": -0.6606910250802759
        },
        "Flying": {
            "mean": 23.315375,
            "std": 98.67590189460962,
            "w": -0.43729000156726944
        },
        "b": -2.9959329900533267
    }
}