{
    "Gryffindor": {
        "Arithmancy": {
            "mean": 49111.404,
            "std": 16689.038051063755,
            "w": -0.6639700834346354,
            "b": -3.7663609570402485
        },
        "Astronomy": {
            "mean": 59.55882784237038,
            "std": 518.1646321541108,
            "w": 0.3105659028116973,
            "b": -3.7663609570402485
        },
        "Herbology": {
            "mean": 1.163627268649122,
            "std": 5.2493332696759305,
            "w": -1.060056241181624,
            "b": -3.7663609570402485
        },
        "Defense Against the Dark Arts": {
            "mean": -0.5955882784237038,
            "std": 5.181646321541108,
            "w": -0.31056590281169744,
            "b": -3.7663609570402485
        },
        "Divination": {
            "mean": 3.253008,
            "std": 4.101070567514748,
            "w": 0.853092845069505,
            "b": -3.7663609570402485
        },
        "Muggle Studies": {
            "mean": -232.0477558354155,
            "std": 479.9331963696808,
            "w": -0.16489134750783369,
            "b": -3.7663609570402485
        },
        "Ancient Runes": {
            "mean": 495.556384426297,
            "std": 106.92656580149408,
            "w": 1.2177377749372373,
            "b": -3.7663609570402485
        },
        "History of Magic": {
            "mean": 2.894115799876796,
            "std": 4.501844950464671,
            "w": -0.7439424262847857,
            "b": -3.7663609570402485
        },
        "Transfiguration": {
            "mean": 1029.454923902404,
            "std": 44.35438702544676,
            "w": -1.3080759244566054,
            "b": -3.7663609570402485
        },
        "Potions": {
            "mean": 5.928079545243326,
            "std": 3.1210549300282495,
            "w": 0.23781540117696393,
            "b": -3.7663609570402485
        },
        "Care of Magical Creatures": {
            "mean": -0.07594840462727567,
            "std": 0.9558997090246095,
            "w": 0.2978146022326137,
            "b": -3.7663609570402485
        },
        "Charms": {
            "mean": -243.46846699000002,
            "std": 8.715197386861965,
            "w": -0.22272774887202956,
            "b": -3.7663609570402485
        },
        "Flying": {
            "mean": 25.04494,
            "std": 98.97841289703535,
            "w": 1.0886307099293313,
            "b": -3.7663609570402485
        }
    },
    "Ravenclaw": {
        "Arithmancy": {
            "mean": 49111.404,
            "std": 16689.038051063755,
            "w": 0.38438680070720194,
            "b": -2.4736072817886896
        },
        "Astronomy": {
            "mean": 59.55882784237038,
            "std": 518.1646321541108,
            "w": -0.6795412683359647,
            "b": -2.4736072817886896
        },
        "Herbology": {
            "mean": 1.163627268649122,
            "std": 5.2493332696759305,
            "w": 0.5596865953546449,
            "b": -2.4736072817886896
        },
        "Defense Against the Dark Arts": {
            "mean": -0.5955882784237038,
            "std": 5.181646321541108,
            "w": 0.6795412683359653,
            "b": -2.4736072817886896
        },
        "Divination": {
            "mean": 3.253008,
            "std": 4.101070567514748,
            "w": 0.040664641793636644,
            "b": -2.4736072817886896
        },
        "Muggle Studies": {
            "mean": -232.0477558354155,
            "std": 479.9331963696808,
            "w": 1.8813462875252989,
            "b": -2.4736072817886896
        },
        "Ancient Runes": {
            "mean": 495.556384426297,
            "std": 106.92656580149408,
            "w": 0.9366925400084285,
            "b": -2.4736072817886896
        },
        "History of Magic": {
            "mean": 2.894115799876796,
            "std": 4.501844950464671,
            "w": -0.039298529872802856,
            "b": -2.4736072817886896
        },
        "Transfiguration": {
            "mean": 1029.454923902404,
            "std": 44.35438702544676,
            "w": 0.22010848605538608,
            "b": -2.4736072817886896
        },
        "Potions": {
            "mean": 5.928079545243326,
            "std": 3.1210549300282495,
            "w": -0.17379221668485736,
            "b": -2.4736072817886896
        },
        "Care of Magical Creatures": {
            "mean": -0.07594840462727567,
            "std": 0.9558997090246095,
            "w": -0.13611411937432327,
            "b": -2.4736072817886896
        },
        "Charms": {
            "mean": -243.46846699000002,
            "std": 8.715197386861965,
            "w": 0.9363169185782981,
            "b": -2.4736072817886896
        },
        "Flying": {
            "mean": 25.04494,
            "std": 98.97841289703535,
            "w": -0.07963587219017185,
            "b": -2.4736072817886896
        }
    },
    "Hufflepuff": {
        "Arithmancy": {
            "mean": 49111.404,
            "std": 16689.038051063755,
            "w": 0.44627632072529644,
            "b": -2.2529454149367023
        },
        "Astronomy": {
            "mean": 59.55882784237038,
            "std": 518.1646321541108,
            "w": 1.3901749784801236,
            "b": -2.2529454149367023
        },
        "Herbology": {
            "mean": 1.163627268649122,
            "std": 5.2493332696759305,
            "w": 1.618248112361668,
            "b": -2.2529454149367023
        },
        "Defense Against the Dark Arts": {
            "mean": -0.5955882784237038,
            "std": 5.181646321541108,
            "w": -1.3901749784801234,
            "b": -2.2529454149367023
        },
        "Divination": {
            "mean": 3.253008,
            "std": 4.101070567514748,
            "w": 0.49204206491384717,
            "b": -2.2529454149367023
        },
        "Muggle Studies": {
            "mean": -232.0477558354155,
            "std": 479.9331963696808,
            "w": -0.8999883058239122,
            "b": -2.2529454149367023
        },
        "Ancient Runes": {
            "mean": 495.556384426297,
            "std": 106.92656580149408,
            "w": -1.4472291296879052,
            "b": -2.2529454149367023
        },
        "History of Magic": {
            "mean": 2.894115799876796,
            "std": 4.501844950464671,
            "w": 0.9755027964757402,
            "b": -2.2529454149367023
        },
        "Transfiguration": {
            "mean": 1029.454923902404,
            "std": 44.35438702544676,
            "w": 0.6899246621987996,
            "b": -2.2529454149367023
        },
        "Potions": {
            "mean": 5.928079545243326,
            "std": 3.1210549300282495,
            "w": -0.5094613784030796,
            "b": -2.2529454149367023
        },
        "Care of Magical Creatures": {
            "mean": -0.07594840462727567,
            "std": 0.9558997090246095,
            "w": -0.1308145998202516,
            "b": -2.2529454149367023
        },
        "Charms": {
            "mean": -243.46846699000002,
            "std": 8.715197386861965,
            "w": -0.08408052575677537,
            "b": -2.2529454149367023
        },
        "Flying": {
            "mean": 25.04494,
            "std": 98.97841289703535,
            "w": -0.47892620320901974,
            "b": -2.2529454149367023
        }
    },
    "Slytherin": {
        "Arithmancy": {
            "mean": 49111.404,
            "std": 16689.038051063755,
            "w": -0.43483018880567975,
            "b": -4.259901282067888
        },
        "Astronomy": {
            "mean": 59.55882784237038,
            "std": 518.1646321541108,
            "w": -0.9000975273505252,
            "b": -4.259901282067888
        },
        "Herbology": {
            "mean": 1.163627268649122,
            "std": 5.2493332696759305,
            "w": -0.7008874236745907,